{
  "mode": "baseline_retriever",
  "n": 300,
  "accuracy": 0.62,
  "macro_f1": 0.5210481099656358,
  "per_class_precision": [
    0.45454545454545453,
    0.0,
    1.0
  ],
  "per_class_recall": [
    1.0,
    0.0,
    0.883495145631068
  ],
  "per_class_f1": [
    0.625,
    0.0,
    0.9381443298969072
  ],
  "confusion_matrix": [
    [
      95,
      0,
      0
    ],
    [
      102,
      0,
      0
    ],
    [
      12,
      0,
      91
    ]
  ],
  "ece": 0.5057496786313714,
  "brier_score": 0.3421202398415923,
  "used_real": false
}