system,ece,brier_score,accuracy,temperature_tau
synthetic_system_test,0.32525560844747603,0.20877879491584816,0.7,1.006060606060606
