{
  "mode": "baseline_nli",
  "n": 300,
  "accuracy": 0.2866666666666667,
  "macro_f1": 0.27739865303532535,
  "per_class_precision": [
    0.2631578947368421,
    0.3130434782608696,
    0.2734375
  ],
  "per_class_recall": [
    0.15789473684210525,
    0.35294117647058826,
    0.33980582524271846
  ],
  "per_class_f1": [
    0.19736842105263158,
    0.3317972350230415,
    0.30303030303030304
  ],
  "confusion_matrix": [
    [
      15,
      34,
      46
    ],
    [
      19,
      36,
      47
    ],
    [
      23,
      45,
      35
    ]
  ],
  "ece": 0.32494536333174917,
  "brier_score": 0.35311580647821966,
  "used_real": false
}