{
  "best_tau": 1.006060606060606,
  "best_ece": 0.2724214091133076,
  "taus": [
    0.8,
    0.8121212121212121,
    0.8242424242424243,
    0.8363636363636364,
    0.8484848484848485,
    0.8606060606060606,
    0.8727272727272728,
    0.8848484848484849,
    0.896969696969697,
    0.9090909090909092,
    0.9212121212121213,
    0.9333333333333333,
    0.9454545454545455,
    0.9575757575757576,
    0.9696969696969697,
    0.9818181818181819,
    0.993939393939394,
    1.006060606060606,
    1.0181818181818183,
    1.0303030303030303,
    1.0424242424242425,
    1.0545454545454547,
    1.0666666666666667,
    1.0787878787878789,
    1.0909090909090908,
    1.103030303030303,
    1.1151515151515152,
    1.1272727272727274,
    1.1393939393939394,
    1.1515151515151516,
    1.1636363636363636,
    1.1757575757575758,
    1.187878787878788,
    1.2000000000000002,
    1.2121212121212122,
    1.2242424242424244,
    1.2363636363636363,
    1.2484848484848485,
    1.2606060606060607,
    1.2727272727272727,
    1.284848484848485,
    1.2969696969696969,
    1.309090909090909,
    1.3212121212121213,
    1.3333333333333335,
    1.3454545454545455,
    1.3575757575757577,
    1.3696969696969696,
    1.3818181818181818,
    1.393939393939394,
    1.4060606060606062,
    1.4181818181818182,
    1.4303030303030302,
    1.4424242424242424,
    1.4545454545454546,
    1.4666666666666668,
    1.478787878787879,
    1.490909090909091,
    1.503030303030303,
    1.5151515151515151,
    1.5272727272727273,
    1.5393939393939395,
    1.5515151515151515,
    1.5636363636363637,
    1.5757575757575757,
    1.587878787878788,
    1.6,
    1.6121212121212123,
    1.6242424242424243,
    1.6363636363636362,
    1.6484848484848484,
    1.6606060606060606,
    1.6727272727272728,
    1.684848484848485,
    1.696969696969697,
    1.709090909090909,
    1.7212121212121212,
    1.7333333333333334,
    1.7454545454545456,
    1.7575757575757576,
    1.7696969696969698,
    1.7818181818181817,
    1.793939393939394,
    1.8060606060606061,
    1.8181818181818181,
    1.8303030303030303,
    1.8424242424242425,
    1.8545454545454545,
    1.8666666666666667,
    1.878787878787879,
    1.8909090909090909,
    1.903030303030303,
    1.9151515151515153,
    1.9272727272727272,
    1.9393939393939394,
    1.9515151515151516,
    1.9636363636363636,
    1.9757575757575758,
    1.987878787878788,
    2.0
  ],
  "ece_grid": [
    0.2818035084243966,
    0.28239727566883843,
    0.28299711434124086,
    0.2836022704285322,
    0.2842120394571569,
    0.2848257634074089,
    0.2854428278148349,
    0.2860626590491547,
    0.28668472176122467,
    0.28730851648875105,
    0.28793357741170067,
    0.2885594702486628,
    0.289185790285751,
    0.2898121605299974,
    0.290438229979569,
    0.29106367200351957,
    0.2916881828241781,
    0.2724214091133076,
    0.27325969101158065,
    0.2740918313092541,
    0.274917729741171,
    0.27573729837620176,
    0.27655046073999817,
    0.27735715099858743,
    0.27815731319838655,
    0.2789509005585495,
    0.2797378748118733,
    0.28051820559077256,
    0.2812918698550981,
    0.28205885135881564,
    0.2828191401527903,
    0.2835727321211249,
    0.28431962854869197,
    0.2850598357176796,
    0.2857933645311285,
    0.28652023016158923,
    0.2872404517231679,
    0.2879540519653551,
    0.28866105698714917,
    0.2893614959700947,
    0.290055400928958,
    0.29074280647884976,
    0.291423749617696,
    0.2920982695230311,
    0.2927664073621646,
    0.29342820611483644,
    0.29408371040754105,
    0.2947329663587545,
    0.2953760214343558,
    0.29601292431257803,
    0.29664372475787587,
    0.2972684735031335,
    0.2978872221396782,
    0.2985000230146011,
    0.29910692913491876,
    0.29970799407814275,
    0.3003032719088506,
    0.3008928171008791,
    0.30147668446478865,
    0.30205492908026493,
    0.28287072890415677,
    0.2835921168675484,
    0.28430566944836444,
    0.2850114966021555,
    0.28570970664124545,
    0.28640040625189267,
    0.2870837005119117,
    0.2877596929086983,
    0.2884284853576026,
    0.2890901782206027,
    0.2897448703252306,
    0.2903926589837112,
    0.2910336400122721,
    0.2916679077505897,
    0.29229555508133875,
    0.2929166734498128,
    0.2935313528835896,
    0.2941396820122126,
    0.2947417480868667,
    0.2953376370000258,
    0.295927433305051,
    0.29651122023572096,
    0.2970890797256792,
    0.2976610924277799,
    0.29822733773332005,
    0.2987878937911449,
    0.2993428375266137,
    0.29989224466041586,
    0.3004361897272278,
    0.3009747460942024,
    0.30150798597928097,
    0.30203598046932373,
    0.30255879953805065,
    0.30307651206378633,
    0.3035891858470072,
    0.3040968876276829,
    0.30459968310241065,
    0.30509763694133857,
    0.30559081280487616,
    0.3060792733601868
  ]
}