{
  "best_tau": 1.5272727272727273,
  "best_ece": 0.2289302438116033,
  "taus": [
    0.8,
    0.8121212121212121,
    0.8242424242424243,
    0.8363636363636364,
    0.8484848484848485,
    0.8606060606060606,
    0.8727272727272728,
    0.8848484848484849,
    0.896969696969697,
    0.9090909090909092,
    0.9212121212121213,
    0.9333333333333333,
    0.9454545454545455,
    0.9575757575757576,
    0.9696969696969697,
    0.9818181818181819,
    0.993939393939394,
    1.006060606060606,
    1.0181818181818183,
    1.0303030303030303,
    1.0424242424242425,
    1.0545454545454547,
    1.0666666666666667,
    1.0787878787878789,
    1.0909090909090908,
    1.103030303030303,
    1.1151515151515152,
    1.1272727272727274,
    1.1393939393939394,
    1.1515151515151516,
    1.1636363636363636,
    1.1757575757575758,
    1.187878787878788,
    1.2000000000000002,
    1.2121212121212122,
    1.2242424242424244,
    1.2363636363636363,
    1.2484848484848485,
    1.2606060606060607,
    1.2727272727272727,
    1.284848484848485,
    1.2969696969696969,
    1.309090909090909,
    1.3212121212121213,
    1.3333333333333335,
    1.3454545454545455,
    1.3575757575757577,
    1.3696969696969696,
    1.3818181818181818,
    1.393939393939394,
    1.4060606060606062,
    1.4181818181818182,
    1.4303030303030302,
    1.4424242424242424,
    1.4545454545454546,
    1.4666666666666668,
    1.478787878787879,
    1.490909090909091,
    1.503030303030303,
    1.5151515151515151,
    1.5272727272727273,
    1.5393939393939395,
    1.5515151515151515,
    1.5636363636363637,
    1.5757575757575757,
    1.587878787878788,
    1.6,
    1.6121212121212123,
    1.6242424242424243,
    1.6363636363636362,
    1.6484848484848484,
    1.6606060606060606,
    1.6727272727272728,
    1.684848484848485,
    1.696969696969697,
    1.709090909090909,
    1.7212121212121212,
    1.7333333333333334,
    1.7454545454545456,
    1.7575757575757576,
    1.7696969696969698,
    1.7818181818181817,
    1.793939393939394,
    1.8060606060606061,
    1.8181818181818181,
    1.8303030303030303,
    1.8424242424242425,
    1.8545454545454545,
    1.8666666666666667,
    1.878787878787879,
    1.8909090909090909,
    1.903030303030303,
    1.9151515151515153,
    1.9272727272727272,
    1.9393939393939394,
    1.9515151515151516,
    1.9636363636363636,
    1.9757575757575758,
    1.987878787878788,
    2.0
  ],
  "ece_grid": [
    0.3160632984975813,
    0.3166277836917975,
    0.3171900907824222,
    0.3177500149552933,
    0.3183073667830979,
    0.31886197129952937,
    0.31941366713448754,
    0.31996230570504336,
    0.32050775045749547,
    0.3210498761563714,
    0.32158856821668225,
    0.3221237220761355,
    0.3226552426043538,
    0.3231830435464511,
    0.3237070469985738,
    0.3242271829132481,
    0.3247433886325734,
    0.32525560844747603,
    0.3257637931813945,
    0.32626789979690346,
    0.3267678910239033,
    0.32726373500811,
    0.3277554049786776,
    0.3282428789338654,
    0.3287261393437456,
    0.32920517286901,
    0.32967997009499916,
    0.3301505252801336,
    0.3306168361179771,
    0.33107890351220953,
    0.33153673136382883,
    0.33199032636994213,
    0.3324396978335404,
    0.33288485748368746,
    0.3118307274954395,
    0.3124784498587355,
    0.31311792643548864,
    0.31374929389744927,
    0.31437268618352104,
    0.3149882345761587,
    0.31559606777373733,
    0.31619631195923453,
    0.31678909086552953,
    0.31737452583759496,
    0.31795273589183537,
    0.3185238377727973,
    0.31908794600745727,
    0.3196451729572749,
    0.3201956288681798,
    0.32073942191864474,
    0.3212766582659847,
    0.3218074420910067,
    0.32233187564112564,
    0.32285005927204713,
    0.32336209148811446,
    0.3238680689814015,
    0.32436808666963113,
    0.32486223773298756,
    0.32535061364988893,
    0.3258333042317744,
    0.2289302438116033,
    0.22938120727765746,
    0.22982706713715684,
    0.23026789938273323,
    0.2307037787308568,
    0.23113477864292056,
    0.23156097134602682,
    0.23198242785348047,
    0.23239921798499769,
    0.23281141038663403,
    0.23321907255043728,
    0.23362227083382925,
    0.23402107047871992,
    0.23441553563035633,
    0.23480572935591099,
    0.23519171366280933,
    0.23557354951680112,
    0.2359512968597758,
    0.23632501462732472,
    0.23669476076605092,
    0.2370605922506297,
    0.2374225651006198,
    0.2377807343970271,
    0.23813515429862292,
    0.23848587805801857,
    0.23883295803749627,
    0.23917644572459923,
    0.23951639174748238,
    0.23985284589002456,
    0.24018585710670448,
    0.24051547353724262,
    0.24084174252100943,
    0.2411647106112029,
    0.24148442358879715,
    0.24180092647626378,
    0.2421142635510679,
    0.24242447835894132,
    0.24273161372693466,
    0.2430357117762516,
    0.24333681393486487
  ]
}