run_name,mode,n,accuracy,macro_f1,ece,brier_score,temp_on,min_support
temp_on__minsrc_1,verifiable_full,300,0.35,0.2727231433113786,0.44297026326258976,0.43655563413546805,True,1
temp_on__minsrc_2,verifiable_full,300,0.35,0.2727231433113786,0.44297026326258976,0.43655563413546805,True,2
temp_on__minsrc_3,verifiable_full,300,0.35,0.2727231433113786,0.44297026326258976,0.43655563413546805,True,3
temp_off__minsrc_1,verifiable_full,300,0.35,0.2727231433113786,0.44297026326258976,0.43655563413546805,False,1
temp_off__minsrc_2,verifiable_full,300,0.35,0.2727231433113786,0.44297026326258976,0.43655563413546805,False,2
temp_off__minsrc_3,verifiable_full,300,0.35,0.2727231433113786,0.44297026326258976,0.43655563413546805,False,3
