{
  "mode": "verifiable_full",
  "n": 300,
  "accuracy": 0.35,
  "macro_f1": 0.2727231433113786,
  "per_class_precision": [
    0.37735849056603776,
    0.4,
    0.34177215189873417
  ],
  "per_class_recall": [
    0.21052631578947367,
    0.0392156862745098,
    0.7864077669902912
  ],
  "per_class_f1": [
    0.2702702702702703,
    0.07142857142857142,
    0.4764705882352941
  ],
  "confusion_matrix": [
    [
      20,
      2,
      73
    ],
    [
      15,
      4,
      83
    ],
    [
      18,
      4,
      81
    ]
  ],
  "ece": 0.44297026326258976,
  "brier_score": 0.43655563413546805,
  "risk_coverage": {
    "coverage": [
      0.0033333333333333335,
      0.006666666666666667,
      0.01,
      0.013333333333333334,
      0.016666666666666666,
      0.02,
      0.023333333333333334,
      0.02666666666666667,
      0.03,
      0.03333333333333333,
      0.03666666666666667,
      0.04,
      0.043333333333333335,
      0.04666666666666667,
      0.05,
      0.05333333333333334,
      0.056666666666666664,
      0.06,
      0.06333333333333334,
      0.06666666666666667,
      0.07,
      0.07333333333333333,
      0.07666666666666666,
      0.08,
      0.08333333333333333,
      0.08666666666666667,
      0.09,
      0.09333333333333334,
      0.09666666666666666,
      0.1,
      0.10333333333333333,
      0.10666666666666667,
      0.11,
      0.11333333333333333,
      0.11666666666666667,
      0.12,
      0.12333333333333334,
      0.12666666666666668,
      0.13,
      0.13333333333333333,
      0.13666666666666666,
      0.14,
      0.14333333333333334,
      0.14666666666666667,
      0.15,
      0.15333333333333332,
      0.15666666666666668,
      0.16,
      0.16333333333333333,
      0.16666666666666666,
      0.17,
      0.17333333333333334,
      0.17666666666666667,
      0.18,
      0.18333333333333332,
      0.18666666666666668,
      0.19,
      0.19333333333333333,
      0.19666666666666666,
      0.2,
      0.20333333333333334,
      0.20666666666666667,
      0.21,
      0.21333333333333335,
      0.21666666666666667,
      0.22,
      0.22333333333333333,
      0.22666666666666666,
      0.23,
      0.23333333333333334,
      0.23666666666666666,
      0.24,
      0.24333333333333335,
      0.24666666666666667,
      0.25,
      0.25333333333333335,
      0.25666666666666665,
      0.26,
      0.2633333333333333,
      0.26666666666666666,
      0.27,
      0.2733333333333333,
      0.27666666666666667,
      0.28,
      0.2833333333333333,
      0.2866666666666667,
      0.29,
      0.29333333333333333,
      0.2966666666666667,
      0.3,
      0.30333333333333334,
      0.30666666666666664,
      0.31,
      0.31333333333333335,
      0.31666666666666665,
      0.32,
      0.3233333333333333,
      0.32666666666666666,
      0.33,
      0.3333333333333333,
      0.33666666666666667,
      0.34,
      0.3433333333333333,
      0.3466666666666667,
      0.35,
      0.35333333333333333,
      0.3566666666666667,
      0.36,
      0.36333333333333334,
      0.36666666666666664,
      0.37,
      0.37333333333333335,
      0.37666666666666665,
      0.38,
      0.38333333333333336,
      0.38666666666666666,
      0.39,
      0.3933333333333333,
      0.39666666666666667,
      0.4,
      0.4033333333333333,
      0.4066666666666667,
      0.41,
      0.41333333333333333,
      0.4166666666666667,
      0.42,
      0.42333333333333334,
      0.4266666666666667,
      0.43,
      0.43333333333333335,
      0.43666666666666665,
      0.44,
      0.44333333333333336,
      0.44666666666666666,
      0.45,
      0.4533333333333333,
      0.45666666666666667,
      0.46,
      0.4633333333333333,
      0.4666666666666667,
      0.47,
      0.47333333333333333,
      0.4766666666666667,
      0.48,
      0.48333333333333334,
      0.4866666666666667,
      0.49,
      0.49333333333333335,
      0.49666666666666665,
      0.5,
      0.5033333333333333,
      0.5066666666666667,
      0.51,
      0.5133333333333333,
      0.5166666666666667,
      0.52,
      0.5233333333333333,
      0.5266666666666666,
      0.53,
      0.5333333333333333,
      0.5366666666666666,
      0.54,
      0.5433333333333333,
      0.5466666666666666,
      0.55,
      0.5533333333333333,
      0.5566666666666666,
      0.56,
      0.5633333333333334,
      0.5666666666666667,
      0.57,
      0.5733333333333334,
      0.5766666666666667,
      0.58,
      0.5833333333333334,
      0.5866666666666667,
      0.59,
      0.5933333333333334,
      0.5966666666666667,
      0.6,
      0.6033333333333334,
      0.6066666666666667,
      0.61,
      0.6133333333333333,
      0.6166666666666667,
      0.62,
      0.6233333333333333,
      0.6266666666666667,
      0.63,
      0.6333333333333333,
      0.6366666666666667,
      0.64,
      0.6433333333333333,
      0.6466666666666666,
      0.65,
      0.6533333333333333,
      0.6566666666666666,
      0.66,
      0.6633333333333333,
      0.6666666666666666,
      0.67,
      0.6733333333333333,
      0.6766666666666666,
      0.68,
      0.6833333333333333,
      0.6866666666666666,
      0.69,
      0.6933333333333334,
      0.6966666666666667,
      0.7,
      0.7033333333333334,
      0.7066666666666667,
      0.71,
      0.7133333333333334,
      0.7166666666666667,
      0.72,
      0.7233333333333334,
      0.7266666666666667,
      0.73,
      0.7333333333333333,
      0.7366666666666667,
      0.74,
      0.7433333333333333,
      0.7466666666666667,
      0.75,
      0.7533333333333333,
      0.7566666666666667,
      0.76,
      0.7633333333333333,
      0.7666666666666667,
      0.77,
      0.7733333333333333,
      0.7766666666666666,
      0.78,
      0.7833333333333333,
      0.7866666666666666,
      0.79,
      0.7933333333333333,
      0.7966666666666666,
      0.8,
      0.8033333333333333,
      0.8066666666666666,
      0.81,
      0.8133333333333334,
      0.8166666666666667,
      0.82,
      0.8233333333333334,
      0.8266666666666667,
      0.83,
      0.8333333333333334,
      0.8366666666666667,
      0.84,
      0.8433333333333334,
      0.8466666666666667,
      0.85,
      0.8533333333333334,
      0.8566666666666667,
      0.86,
      0.8633333333333333,
      0.8666666666666667,
      0.87,
      0.8733333333333333,
      0.8766666666666667,
      0.88,
      0.8833333333333333,
      0.8866666666666667,
      0.89,
      0.8933333333333333,
      0.8966666666666666,
      0.9,
      0.9033333333333333,
      0.9066666666666666,
      0.91,
      0.9133333333333333,
      0.9166666666666666,
      0.92,
      0.9233333333333333,
      0.9266666666666666,
      0.93,
      0.9333333333333333,
      0.9366666666666666,
      0.94,
      0.9433333333333334,
      0.9466666666666667,
      0.95,
      0.9533333333333334,
      0.9566666666666667,
      0.96,
      0.9633333333333334,
      0.9666666666666667,
      0.97,
      0.9733333333333334,
      0.9766666666666667,
      0.98,
      0.9833333333333333,
      0.9866666666666667,
      0.99,
      0.9933333333333333,
      0.9966666666666667,
      1.0
    ],