{
  "mode": "baseline_rag_nli",
  "n": 300,
  "accuracy": 0.39666666666666667,
  "macro_f1": 0.3952125848832389,
  "per_class_precision": [
    0.3148148148148148,
    0.31343283582089554,
    0.6619718309859155
  ],
  "per_class_recall": [
    0.5368421052631579,
    0.20588235294117646,
    0.4563106796116505
  ],
  "per_class_f1": [
    0.3968871595330739,
    0.2485207100591716,
    0.5402298850574713
  ],
  "confusion_matrix": [
    [
      51,
      44,
      0
    ],
    [
      57,
      21,
      24
    ],
    [
      54,
      2,
      47
    ]
  ],
  "ece": 0.17993815218765685,
  "brier_score": 0.2395568596563089,
  "used_real": false
}