{
  "mode": "verifiable_full",
  "n": 300,
  "accuracy": 0.35,
  "macro_f1": 0.2727231433113786,
  "per_class_precision": [
    0.37735849056603776,
    0.4,
    0.34177215189873417
  ],
  "per_class_recall": [
    0.21052631578947367,
    0.0392156862745098,
    0.7864077669902912
  ],
  "per_class_f1": [
    0.2702702702702703,
    0.07142857142857142,
    0.4764705882352941
  ],
  "confusion_matrix": [
    [
      20,
      2,
      73
    ],
    [
      15,
      4,
      83
    ],
    [
      18,
      4,
      81
    ]
  ],
  "ece": 0.44297026326258976,
  "brier_score": 0.43655563413546805,
  "used_real": true
}